title,link,desc
XML 教程,http://www.w3school.com.cn/xml/index.asp,XML 教程
XML 简介,http://www.w3school.com.cn/xml/xml_intro.asp,XML 简介
XML 的用途,http://www.w3school.com.cn/xml/xml_usedfor.asp,XML 用途
XML 树结构,http://www.w3school.com.cn/xml/xml_tree.asp,XML 树结构
XML 语法规则,http://www.w3school.com.cn/xml/xml_syntax.asp,XML 语法
XML 元素,http://www.w3school.com.cn/xml/xml_elements.asp,XML 元素
XML 属性,http://www.w3school.com.cn/xml/xml_attributes.asp,XML 属性
XML 验证,http://www.w3school.com.cn/xml/xml_dtd.asp,XML 验证
XML 验证器,http://www.w3school.com.cn/xml/xml_validator.asp,XML 验证器
XML 浏览器支持,http://www.w3school.com.cn/xml/xml_browsers.asp,XML 浏览器
查看 XML 文件,http://www.w3school.com.cn/xml/xml_view.asp,XML 查看
使用 CSS 显示 XML,http://www.w3school.com.cn/xml/xml_display.asp,XML CSS
使用 XSLT 显示 XML,http://www.w3school.com.cn/xml/xml_xsl.asp,XML XSLT
